Rank,Root Domain,Linking Root Domains,Domain Authority
1,www.google.com,"15,236,114",100
2,www.blogger.com,"31,311,113",100
5,youtube.com,10,0
9,linkedin.com,10,0
27,support.google.com,8.87,0
48,cloudflare.com,8.27,0
39,microsoft.com,8.47,0
78,apple.com,7.92,0
16,en.wikipedia.org,9.54,0
22,play.google.com,9.07,0
15,wordpress.org,9.54,0
24,docs.google.com,9.02,0
86,mozilla.org,7.89,0
18,maps.google.com,9.3,0
17,youtu.be,9.47,0
37,drive.google.com,8.51,0
17,bp.blogspot.com,"18,327,022",97
36,sites.google.com,8.57,0
19,googleusercontent.com,"3,994,187",97
92,accounts.google.com,7.84,0
77,t.me,7.94,0
453,europa.eu,6.86,0
11,plus.google.com,10,0
616,whatsapp.com,6.7,0
41,adobe.com,8.44,0
2,facebook.com,10,0
67,policies.google.com,8.02,0
209,uol.com.br,7771180,575455527.4355142
429,istockphoto.com,6.88,0
26,vimeo.com,8.98,0
31,vk.com,8.74,0
20,github.com,9.18,0
34,amazon.com,8.66,0
275,search.google.com,7.14,0
84,bbc.co.uk,7.9,0
239,google.de,7.22,0
37,live.com,"1,022,973",95
631,gravatar.com,6.68,0
24,nih.gov,42214587,1566038964.1115606
40,dan.com,"4,340,736",95
41,files.wordpress.com,"7,667,702",95
42,www.yahoo.com,"1,307,493",95
66,cnn.com,8.04,0
56,dropbox.com,8.19,0
105,wikimedia.org,12591656,48267200.043199085
38,creativecommons.org,8.47,0
272,google.com.br,7.14,0
143,line.me,7.54,0
49,googleblog.com,"4,497,927",95
182,opera.com,7.42,0
524,es.wikipedia.org,6.78,0
188,globo.com,8180700,844061923.0882792
53,brandbucket.com,"11,171,565",95
196,myspace.com,7.36,0
88,slideshare.net,7.88,0
58,paypal.com,8.14,0
6,tiktok.com,189077770,1392147411.753438
58,netvibes.com,"1,238,045",95
43,theguardian.com,8.38,0
128,who.int,7.59,0
23,goo.gl,9.03,0
35,medium.com,8.64,0
116,tools.google.com,7.67,0
64,draft.blogger.com,"12,332,795",95
65,pt.wikipedia.org,"426,145",95
172,fr.wikipedia.org,7.45,0
67,www.weebly.com,"6,870,155",95
291,news.google.com,7.1,0
40,developers.google.com,8.46,0
89,w3.org,7.87,0
75,mail.google.com,7.98,0
81,gstatic.com,7.92,0
73,jimdofree.com,"1,700,543",95
74,cpanel.net,"2,172,574",95
155,imdb.com,7.5,0
117,wa.me,7.66,0
77,feedburner.com,"1,792,625",95
78,enable-javascript.com,"5,140,325",95
49,nytimes.com,8.26,0
80,workspace.google.com,"774,353",95
765,ok.ru,6.58,0
364,google.es,6.98,0
208,dailymotion.com,7.32,0
84,afternic.com,"2,480,391",94
152,bloomberg.com,7.51,0
83,amazon.de,7.91,0
180,photos.google.com,7.43,0
141,wiley.com,10445175,44935527.012045294
486,aliexpress.com,6.82,0
51,indiatimes.com,21956973,792323755.8051558
91,youronlinechoices.com,"592,485",94
226,elpais.com,7376297,117773961.77281472
60,tinyurl.com,8.12,0
514,yadi.sk,6.79,0
292,spotify.com,7.1,0
468,huffpost.com,6.84,0
782,ru.wikipedia.org,6.57,0
471,google.fr,6.84,0
484,webmd.com,6.82,0
319,samsung.com,7.06,0
121,independent.co.uk,7.63,0
165,amazon.co.jp,7.47,0
386,get.google.com,6.94,0
158,amazon.co.uk,7.5,0
495,4shared.com,6.81,0
367,telegram.me,6.97,0
107,planalto.gov.br,"126,833",94
73,businessinsider.com,7.98,0
109,ig.com.br,"159,348",94
69,issuu.com,8.01,0
949,www.gov.br,2604213,185853263.12913328
177,wsj.com,7.44,0
113,hugedomains.com,"16,362,198",94
312,picasaweb.google.com,7.07,0
97,usatoday.com,7.79,0
230,scribd.com,7.25,0
212,www.gov.uk,7668746,297093542.4765682
147,storage.googleapis.com,7.52,0
98,huffingtonpost.com,7.78,0
80,bbc.com,7.92,0
121,estadao.com.br,"138,770",94
255,nature.com,7.18,0
368,mediafire.com,6.97,0
79,washingtonpost.com,7.92,0
90,forms.gle,7.86,0
477,namecheap.com,6.83,0
53,forbes.com,8.24,0
313,mirror.co.uk,5847071,43864486.744604036
42,soundcloud.com,8.41,0
100,fb.com,7.78,0
131,marketingplatform.google....,"917,237",94
132,domainmarket.com,"943,784",94
133,ytimg.com,"1,070,336",94
514,terra.com.br,4181486,150306551.3311237
189,google.co.uk,7.39,0
223,shutterstock.com,7.26,0
141,dailymail.co.uk,7.54,0
138,reg.ru,"540,012",94
32,t.co,8.72,0
179,cdc.gov,7.43,0
611,thesun.co.uk,6.7,0
142,wp.com,"2,247,022",94
194,cnet.com,7.36,0
7,instagram.com,10,0
236,researchgate.net,7.22,0
509,google.it,6.79,0
16,fandom.com,67086294,2278112790.8486605
148,office.com,"756,429",94
149,list-manage.com,"795,381",94
756,msn.com,6.59,0
382,un.org,6.95,0
274,de.wikipedia.org,7.14,0
153,ovh.com,"678,504",94
154,mail.ru,"481,079",94
216,bing.com,7.3,0
426,news.yahoo.com,6.89,0
142,myaccount.google.com,7.54,0
158,hatena.ne.jp,"1,641,114",94
198,shopify.com,7.35,0
834,adssettings.google.com,6.54,0
21,bit.ly,9.11,0
105,reuters.com,7.74,0
114,booking.com,7.67,0
164,discord.com,"507,193",94
165,buydomains.com,"1,240,200",94
247,nasa.gov,7.2,0
278,aboutads.info,7.14,0
227,time.com,7.25,0
736,abril.com.br,3128972,48479677.21681826
421,change.org,6.89,0
171,nginx.org,"1,177,240",94
3,twitter.com,10,0
173,www.wikipedia.org,"553,224",94
64,archive.org,8.05,0
214,cbsnews.com,7.3,0
333,networkadvertising.org,7.04,0
93,telegraph.co.uk,7.82,0
13,pinterest.com,9.63,0
211,google.co.jp,7.31,0
192,pixabay.com,7.37,0
729,zendesk.com,3160281,35478928.212306514
182,cpanel.com,"970,971",93
183,vistaprint.com,"815,228",93
613,sky.com,3630064,56722083.654563725
185,windows.net,"460,289",93
186,alicdn.com,"572,952",93
160,google.ca,7.48,0
572,lemonde.fr,6.74,0
249,newyorker.com,7.19,0
190,webnode.page,"516,598",93
213,surveymonkey.com,7.3,0
57,translate.google.com,8.15,0
130,calendar.google.com,7.59,0
194,amazonaws.com,"419,795",93
171,academia.edu,8874456,17885563.207045436
196,apache.org,"1,094,485",93
197,imageshack.us,"707,362",93
198,akamaihd.net,"599,670",93
305,nginx.com,7.08,0
122,discord.gg,7.63,0
678,thetimes.co.uk,6.64,0
202,search.yahoo.com,"525,853",93
110,amazon.fr,7.71,0
74,yelp.com,7.98,0
623,berkeley.edu,3579683,43201665.15798998
353,google.ru,7,0
207,sedoparking.com,"726,100",93
283,cbc.ca,7.13,0
755,unesco.org,6.59,0
210,ggpht.com,"790,656",93
211,privacyshield.gov,"426,999",93
212,www.over-blog.com,"811,888",93
628,clarin.com,3555207,54260842.35186605
214,www.wix.com,"2,809,873",93
199,whitehouse.gov,7.35,0
216,icann.org,"646,968",93
606,gnu.org,6.71,0
315,yandex.ru,7.07,0
493,francetvinfo.fr,6.81,0
204,gmail.com,7.33,0
389,mozilla.com,6.94,0
222,ziddu.com,"192,713",93
689,guardian.co.uk,6.63,0
168,twitch.tv,7.46,0
225,sedo.com,"2,498,739",93
417,foxnews.com,6.9,0
227,rambler.ru,"934,373",93
153,books.google.com,7.51,0
325,stanford.edu,5725032,80137124.46400295
47,wikihow.com,22812053,336543057.59132046
778,it.wikipedia.org,6.58,0
564,20minutos.es,3838141,37620724.51933034
651,sfgate.com,6.66,0
234,liveinternet.ru,"358,214",93
440,ja.wikipedia.org,6.87,0
236,000webhost.com,"243,969",93
761,espn.com,6.59,0
87,eventbrite.com,7.89,0
239,disney.com,"269,415",93
159,statista.com,7.49,0
789,addthis.com,6.57,0
591,pinterest.fr,3733397,59770925.92261654
256,lavanguardia.com,6664503,99479310.11132626
244,vkontakte.ru,"336,278",93
245,doubleclick.net,"496,992",93
246,bp2.blogger.com,"561,940",93
270,skype.com,7.14,0
573,sciencedaily.com,6.74,0
465,bloglovin.com,6.84,0
250,insider.com,"407,525",93
420,pl.wikipedia.org,6.89,0
252,sputniknews.com,"185,708",93
253,id.wikipedia.org,"567,598",93
526,doi.org,6.78,0
171,nypost.com,7.45,0
308,elmundo.es,7.08,0
250,abcnews.go.com,7.19,0
258,ipv4.google.com,"325,798",93
341,deezer.com,7.03,0
345,express.co.uk,5501922,30267421.386504114
304,detik.com,5933727,486407497.8688388
262,mystrikingly.com,"424,979",93
168,rakuten.co.jp,8973849,569635374.6253011
65,amzn.to,8.04,0
106,arxiv.org,7.74,0
63,alibaba.com,19717776,52938968.80507125
584,fb.me,6.73,0
268,wikia.com,"505,599",93
741,t-online.de,3116872,37681957.32868147
270,telegra.ph,"336,651",93
625,mega.nz,6.69,0
75,usnews.com,15234609,447559527.59186137
273,plos.org,"342,614",93
231,naver.com,7307920,178837892.85576037
131,ibm.com,7.59,0
720,smh.com.au,3196306,16814369.673791595
702,dw.com,6.62,0
363,google.nl,6.98,0
794,lefigaro.fr,6.57,0
280,bp1.blogger.com,"561,364",93
281,picasa.google.com,"257,556",93
62,theatlantic.com,8.09,0
537,nydailynews.com,6.77,0
369,themeforest.net,6.97,0
797,rtve.es,6.56,0
274,newsweek.com,6388618,52693163.58460209
287,ovh.net,"543,402",93
123,ca.gov,11255705,288594845.9901217
209,goodreads.com,7.32,0
516,economist.com,6.79,0
303,target.com,7.08,0
311,marca.com,5863355,174286890.28636253
201,kickstarter.com,7.35,0
116,hindustantimes.com,11667558,495806974.2258549
167,weibo.com,7.47,0
108,finance.yahoo.com,7.73,0
297,huawei.com,"1,938,323",93
298,e-monsite.com,"145,440",93
426,hubspot.com,4749636,108958819.47938886
101,npr.org,7.78,0
293,netflix.com,7.1,0
310,gizmodo.com,7.08,0
303,netlify.app,"445,381",93
403,yandex.com,6.92,0
286,mashable.com,7.12,0
306,cnil.fr,"251,699",93
138,latimes.com,7.54,0
203,steampowered.com,7860115,322464029.1311569
320,rt.com,7.06,0
310,photobucket.com,"1,625,154",93
193,quora.com,7.37,0
161,nbcnews.com,7.48,0
593,android.com,6.72,0
238,instructables.com,7.22,0
315,www.canalblog.com,"410,731",93
316,www.livejournal.com,"3,021,508",93
476,ouest-france.fr,6.83,0
124,tripadvisor.com,7.62,0
319,ovhcloud.com,"683,341",93
279,pexels.com,7.13,0
263,oracle.com,7.16,0
86,yahoo.co.jp,14209131,837491632.2391974
323,addtoany.com,"794,722",93
324,sakura.ne.jp,"413,375",93
325,cointernet.com.co,"693,382",93
326,twimg.com,"825,776",93
648,britannica.com,6.67,0
586,php.net,6.73,0
404,standard.co.uk,4919153,38750232.40476915
135,groups.google.com,7.55,0
113,cnbc.com,7.67,0
290,loc.gov,7.11,0
333,qq.com,"4,380,702",93
190,buzzfeed.com,7.38,0
175,godaddy.com,7.45,0
464,ikea.com,6.85,0
655,disqus.com,6.66,0
338,taringa.net,"151,257",93
828,ea.com,6.54,0
340,dropcatch.com,"875,677",93
102,techcrunch.com,7.76,0
306,canva.com,7.08,0
343,offset.com,"1,988,241",93
173,ebay.com,7.45,0
115,zoom.us,7.67,0
696,cambridge.org,6.63,0
144,unsplash.com,7.53,0
448,playstation.com,4603285,133129482.01470001
155,people.com,9739751,269621521.9746522
671,springer.com,6.65,0
450,psychologytoday.com,6.86,0
949,sendspace.com,6.48,0
353,home.pl,"217,375",93
354,rapidshare.com,"293,608",93
413,prezi.com,4830245,13095242.24234821
356,photos1.blogger.com,"780,018",93
357,thenai.org,"462,289",93
183,ftc.gov,7.42,0
820,google.pl,6.55,0
234,ted.com,7.24,0
361,secureserver.net,"872,578",93
282,code.google.com,7.13,0
363,plesk.com,"718,603",93
447,aol.com,4606227,46565964.6469885
365,biglobe.ne.jp,"270,506",93
732,hp.com,6.6,0
332,canada.ca,7.04,0
334,linktr.ee,7.04,0
457,hollywoodreporter.com,6.86,0
803,ietf.org,6.56,0
371,clickbank.net,"469,022",93
109,harvard.edu,12157290,232300266.1709781
339,amazon.es,7.03,0
136,oup.com,10672876,44364584.045719296
375,timeweb.ru,"664,889",93
217,engadget.com,7.29,0
316,vice.com,7.07,0
270,cornell.edu,6419882,110823859.44870493
98,dreamstime.com,13016733,58224093.75441198
380,tmz.com,"243,067",93
256,gofundme.com,7.17,0
295,pbs.org,7.09,0
99,stackoverflow.com,7.78,0
408,abc.net.au,6.91,0
253,sciencedirect.com,7.19,0
254,ft.com,7.18,0
243,variety.com,7.2,0
388,alexa.com,"307,499",93
574,abc.es,3798865,48846875.74766053
297,walmart.com,7.09,0
391,gooyaabitemplates.com,"600,604",93
885,redbull.com,6.51,0
393,ssl-images-amazon.com,"587,621",93
597,theverge.com,6.72,0
398,spiegel.de,6.93,0
396,about.com,"732,285",93
519,nationalgeographic.com,6.78,0
641,bandcamp.com,6.67,0
399,m.wikipedia.org,"353,593",93
400,zippyshare.com,"189,307",93
103,wired.com,7.75,0
503,freepik.com,6.8,0
403,outlook.com,"427,062",93
331,mit.edu,5624675,66004648.29904917
405,sapo.pt,"240,677",93
376,goo.ne.jp,5220059,177096487.91782737
407,java.com,"151,581",92
408,google.co.th,"120,992",92
554,scmp.com,3967467,34745558.120509185
64,mayoclinic.org,19267270,1744054296.702933
411,scholastic.com,"200,881",92
798,nba.com,6.56,0
673,reverbnation.com,6.64,0
414,depositfiles.com,"143,553",92
669,video.google.com,6.65,0
346,howstuffworks.com,5501844,118491938.49789968
417,cbslocal.com,"310,532",92
56,merriam-webster.com,21300886,4317159960.980936
693,focus.de,3290909,30145759.8313905
420,admin.ch,"232,963",92
421,gfycat.com,"161,812",92
422,com.com,"246,021",92
423,narod.ru,"272,108",92
424,boston.com,"327,894",92
425,sony.com,"176,593",92
426,justjared.com,"124,409",92
288,bitly.com,7.11,0
833,jstor.org,6.54,0
429,amebaownd.com,"192,731",92
150,g.co,7.51,0
431,gsmarena.com,"137,657",92
432,lexpress.fr,"123,852",92
33,reddit.com,8.69,0
931,usgs.gov,2633275,69065138.39379874
435,bigcommerce.com,"355,749",92
81,gettyimages.com,14695445,186125472.16007337
891,ign.com,6.51,0
528,justgiving.com,6.78,0
213,techradar.com,7644311,116018472.98286067
406,weather.com,4896521,1274308260.2445552
299,amazon.ca,7.09,0
442,justice.gov,"233,706",92
456,sciencemag.org,6.86,0
192,pcmag.com,8088428,146386777.6124446
251,theconversation.com,6776043,45123734.96517372
298,foursquare.com,7.09,0
30,flickr.com,8.76,0
323,giphy.com,7.06,0
145,tvtropes.org,10252230,52611615.770611666
450,fifa.com,"201,899",92
722,upenn.edu,3194039,24853896.567196142
269,digg.com,7.14,0
453,bestfreecams.club,"394,385",92
454,histats.com,"452,459",92
245,salesforce.com,7.2,0
225,blog.google,7.26,0
505,apnews.com,6.8,0
197,theglobeandmail.com,7.36,0
491,m.me,6.81,0
460,europapress.es,"120,539",92
804,washington.edu,2931730,26442496.244955532
119,thefreedictionary.com,11419148,118393830.51257081
463,jhu.edu,"263,019",92
470,euronews.com,4485181,39826862.88724238
465,liberation.fr,"127,411",92
226,ads.google.com,7.26,0
409,trustpilot.com,6.91,0
468,google.com.tw,"148,361",92
194,softonic.com,8063318,196405250.9066065
470,kakao.com,"173,573",92
471,storage.canalblog.com,"320,126",92
472,interia.pl,"163,015",92
637,metro.co.uk,6.67,0
474,viglink.com,"398,156",92
338,last.fm,7.03,0
476,blackberry.com,"145,035",92
477,public-api.wordpress.com,"188,788",92
478,sina.com.cn,"993,710",92
479,unicef.org,"222,033",92
686,archives.gov,6.64,0
456,nps.gov,4585963,195282635.92455295
974,utexas.edu,2535418,29385518.298779182
483,biblegateway.com,"289,507",92
268,usda.gov,6450229,148299094.08081263
244,indiegogo.com,7.2,0
704,nikkei.com,3233606,78852046.1749658
487,radiofrance.fr,"137,232",92
654,repubblica.it,6.66,0
425,substack.com,4751288,24683092.985192075
490,ap.org,"195,696",92
902,nicovideo.jp,6.5,0
492,joomla.org,"224,141",92
992,news.com.au,2480283,15028710.469253166
494,allaboutcookies.org,"477,121",92
539,mailchimp.com,6.77,0
496,stores.jp,"440,302",92
578,intel.com,6.74,0
498,bp0.blogger.com,"561,170",92
499,box.com,"288,327",92
500,nhk.or.jp,"256,113",92
327,wikipedia.org,7.05,0
4,google.com,10,0
61,etsy.com,8.1,0
71,wordpress.com,8,0
337,yahoo.com,7.03,0
21,indeed.com,45677321,1114883745.4250398
30,mapquest.com,35461130,292971836.7295075
39,stackexchange.com,25724565,140717266.6975161
41,alamy.com,25593035,92525158.10368364
42,wiktionary.org,25585866,966882380.5862583
43,x.com,24640289,326235385.81655216
603,healthline.com,6.71,0
53,reverso.net,21924332,534337659.17191565
58,collinsdictionary.com,21132162,1222183768.1653304
59,trip.com,20568506,135592757.69233182
65,study.com,18762888,428825081.3462591
67,clevelandclinic.org,18319709,1758171701.1991591
69,yellowpages.com,17911807,41922315.49429288
70,medicalnewstoday.com,17620022,725887311.9807328
72,dictionary.com,15659817,1275637429.45759
73,screenrant.com,15609812,145773929.16598034
74,flipkart.com,15429637,732721801.888456
76,wordreference.com,15218650,311752250.321346
853,homedepot.com,6.53,0
78,ebay.co.uk,15061207,92688399.17020947
82,nextdoor.com,14626030,46968188.84433359
84,hotels.com,14229191,976051351.5475612
85,bab.la,14226817,167713718.7144847
112,tumblr.com,7.68,0
589,amazon.in,6.72,0
90,byjus.com,13519257,1376504961.3244145
932,rottentomatoes.com,6.49,0
93,genius.com,13426274,506090395.1065093
358,deviantart.com,6.99,0
100,moovitapp.com,12780234,145486927.38387468
652,redbubble.com,6.66,0
102,justdial.com,12712395,662380616.8907187
104,geeksforgeeks.org,12647725,404324378.6744939
106,rome2rio.com,12535645,111987753.82024656
107,vocabulary.com,12506699,819773727.9514526
108,kwai.com,12164354,40101433.13273446
915,agoda.com,6.5,0
112,threads.net,11973978,46550209.38213402
114,www.nhs.uk,11770663,584904028.9518278
115,justanswer.com,11759305,39735315.33877545
117,com.be,11595962,48276508.56454429
120,zoominfo.com,11389748,33238147.503737904
121,medlineplus.gov,11324249,641673177.7324963
331,steamcommunity.com,7.04,0
124,indiamart.com,11245906,217553871.7594727
127,sportskeeda.com,11082161,96482312.52696058
128,temu.com,11040283,37539087.465513706
536,waze.com,6.77,0
131,glassdoor.com,10920392,84949908.35111882
132,goodhousekeeping.com,10912140,244099741.05479547
311,expedia.com,7.07,0
134,gamespot.com,10770719,61672677.70630565
469,weebly.com,6.84,0
139,wikiwand.com,10606956,30708820.500282113
142,verywellhealth.com,10325179,190909224.3799017
143,cosmopolitan.com,10320689,158053893.3248377
144,yourdictionary.com,10311746,150853782.6922773
147,investopedia.com,10224150,588039851.8743573
149,craigslist.org,10138053,133659930.66287012
150,restaurantguru.com,10089055,30333937.36796296
151,today.com,10074377,199385532.92186728
152,ziprecruiter.com,9983879,154566403.55495614
447,bbb.org,6.86,0
156,lowes.com,9698739,263340821.23856908
157,economictimes.com,9696071,184629591.07334214
159,gamerant.com,9655252,82545951.7315026
162,ubereats.com,9515980,194164763.51116282
164,company-information.service.gov.uk,9420292,105471340.09286898
554,zillow.com,6.76,0
169,bestbuy.com,8929852,304814486.60173416
173,namu.wiki,8767246,305697324.92323256
174,dnb.com,8706017,37329499.10497974
175,costco.com,8694678,204782804.6229024
176,vecteezy.com,8578596,74365661.5196442
177,wordhippo.com,8578559,198065402.3064022
866,wattpad.com,6.52,0
180,poshmark.com,8461423,29875673.367305133
181,studocu.com,8457493,35964055.60243212
182,cbr.com,8439014,59783164.994061366
183,oxfordlearnersdictionaries.com,8415035,214879272.88665104
185,infobae.com,8395106,135757244.5161944
186,tvguide.com,8369375,186614337.7173073
187,themoviedb.org,8215004,113770963.89099032
190,lemon8-app.com,8152586,27553620.478439685
191,thesaurus.com,8148972,670914435.2530302
196,ebay.de,8043716,57355852.74412055
454,ameblo.jp,6.86,0
198,msdmanuals.com,8033751,212516702.01630247
201,go.com,7993932,236902951.3611017
202,tripadvisor.co.uk,7980197,417876402.6250646
204,testbook.com,7846840,203093238.8127058
205,primevideo.com,7835925,258326595.84362414
208,shein.com,7776221,49581812.50098914
211,as.com,7699925,149253128.7058764
214,kayak.com,7615323,366757910.3631381
216,realtor.com,7583652,243253153.93514687
218,allrecipes.com,7568429,597915842.9799314
219,timeout.com,7527497,152271965.78775206
220,boomplay.com,7507226,45241788.04846072
221,hopkinsmedicine.org,7464106,335207009.33418477
632,discogs.com,6.68,0
225,toppr.com,7382937,191492991.75718075
227,shabdkosh.com,7373689,609987718.5766755
228,collider.com,7363386,60735641.11637406
229,kleinanzeigen.de,7348376,70833662.6612125
232,quizlet.com,7270351,38576006.355834424
235,depositphotos.com,7196609,25271076.27804212
236,makemytrip.com,7195721,746673676.633937
237,indianexpress.com,7181927,199625246.9754505
239,elle.com,7141493,124879249.09925787
240,mercari.com,7056655,57724759.377882965
242,tenor.com,7029454,109357750.78223737
243,oed.com,7024369,161475769.44022202
244,wikidata.org,6956135,34442809.6500109
245,medicinenet.com,6917181,79550679.30641259
246,groupon.com,6892863,186823658.57721063
247,ny.gov,6884976,141101003.67120287
248,doordash.com,6875054,322568658.7764169
250,justwatch.com,6803375,79243580.6377884
411,marriott.com,6.91,0
253,crunchbase.com,6745874,58741475.748737
254,made-in-china.com,6733158,11311579.560480654
255,thegamer.com,6705034,36733329.19699652
257,glosbe.com,6648370,75431202.4247211
258,si.com,6623840,85682624.80653475
552,rollingstone.com,6.76,0
260,medscape.com,6613944,122702684.95330146
261,mercadolivre.com.br,6612860,421112291.9774752
219,tandfonline.com,7.27,0
264,news18.com,6568845,164563643.95632094
265,tomsguide.com,6556172,95674469.50418817
266,shazam.com,6540490,24658487.219299622
267,ew.com,6486595,81733229.53364593
269,allevents.in,6432401,13554153.827209748
271,hm.com,6402175,179274649.72619188
394,barnesandnoble.com,6.93,0
273,manta.com,6399605,8322077.031730451
275,accuweather.com,6376028,1195899949.3623953
276,rocketreach.co,6361775,15029510.237451836
277,tokopedia.com,6346745,317805651.80695486
278,ldoceonline.com,6345992,51435679.87905009
279,vedantu.com,6342714,195895602.73687682
280,macys.com,6333811,180525952.32558012
281,travelocity.com,6293063,94952415.02459788
282,brainly.in,6271010,95358601.84125458
283,parade.com,6260398,160979253.13905624
286,musixmatch.com,6223567,28545824.632088087
287,pngwing.com,6206901,38894550.54078095
288,letras.com,6197495,90754447.04117899
289,answers.com,6182819,29896074.376291253
290,thehindu.com,6160447,211228178.96381053
291,uptodown.com,6156927,186879519.15937015
292,ebay.ca,6139992,22590945.43162606
293,frontiersin.org,6129081,23950745.681982853
295,mdpi.com,6118271,24360097.19372639
296,ndtv.com,6096871,484411363.7751591
297,texas.gov,6061243,101493243.87864727
300,pagesjaunes.fr,6043996,92417228.04371971
301,kidshealth.org,5980564,123428358.45539454
303,biomedcentral.com,5939455,26536923.206342705
306,metacritic.com,5906011,43722756.70486258
307,libretexts.org,5887963,128998254.59291354
330,digitaltrends.com,7.04,0
547,amazon.com.br,6.77,0
312,apkpure.com,5857572,59189228.16310428
534,ranker.com,6.77,0
315,chegg.com,5833691,19576564.60856816
935,health.com,6.49,0
317,gutefrage.net,5811393,28697442.627952904
318,indiatoday.in,5809304,164279136.494365
319,cookpad.com,5802152,338734264.95769686
320,commonsensemedia.org,5801125,68986808.34934992
321,mountsinai.org,5770396,172071729.46701893
322,urbandictionary.com,5757513,82644845.04627675
324,jooble.org,5745255,26647494.32647428
326,tistory.com,5722567,40069824.64384
327,redfin.com,5692040,116696691.601776
328,prom.ua,5670939,31004366.20921442
497,amazon.com.au,6.8,0
356,airbnb.com,6.99,0
354,makeuseof.com,7,0
333,rateyourmusic.com,5617016,22741243.39483165
647,billboard.com,6.67,0
335,umich.edu,5609654,58601825.95322901
336,pngtree.com,5608933,56011924.76641782
337,johnlewis.com,5572426,60082739.8455564
670,prnewswire.com,6.65,0
341,nordstrom.com,5528275,224688149.15799752
342,aminoapps.com,5527921,18040505.784539163
343,india.com,5525874,175416762.6518489
344,brainly.com,5506326,39538600.63082134
347,pons.com,5499349,198168738.0197404
348,mundodeportivo.com,5488317,86429576.14508452
349,healthdirect.gov.au,5481190,110013337.76027177
350,travelweekly.com,5479685,38324288.556108385
351,leboncoin.fr,5464003,76233083.86225715
352,nsw.gov.au,5461697,77388580.41273876
354,asos.com,5411185,61800566.44831761
837,foodnetwork.com,6.54,0
356,mercadolibre.com.mx,5360391,233221198.4825082
357,alberta.ca,5326233,69774600.76994032
358,goodrx.com,5325150,124029648.90821485
359,hinative.com,5324908,27386525.583153147
360,gamesradar.com,5306861,45844424.14567724
412,amazon.it,6.91,0
362,theknot.com,5302438,110012738.4366759
363,sagepub.com,5299667,14835615.485601267
364,jiosaavn.com,5285441,113644112.94330087
365,betterhealth.vic.gov.au,5272804,122652940.61400963
366,deadline.com,5270603,54963503.000387296
367,superpages.com,5269877,4888546.097514702
369,thoughtco.com,5267138,83697005.66003487
370,esquire.com,5259515,49972862.44119482
371,hubpages.com,5250260,21761347.9485875
372,olx.ua,5249303,64609984.3153152
373,wa.gov,5241575,57318891.95817107
374,kompas.com,5238407,226328998.32219356
375,kroger.com,5235186,75996502.2378012
379,vogue.com,6.95,0
379,shopee.co.id,5204118,304360589.7357692
381,patch.com,5193883,18945349.436320648
656,khanacademy.org,6.66,0
383,vulture.com,5173419,60692268.66153741
384,wayfair.com,5152107,94460711.92744105
385,menshealth.com,5151047,69694771.71361676
386,bbcgoodfood.com,5139545,209278681.36518666
387,goal.com,5123989,220030794.65929496
126,behance.net,7.6,0
390,radiotimes.com,5070295,58663925.82455851
392,letterboxd.com,5030808,52131609.088897154
393,southernliving.com,5028530,169129138.30171347
394,abplive.com,5022098,189379372.03866845
395,magazineluiza.com.br,5016822,212336223.49379194
396,letras.mus.br,5012594,109872454.09286927
397,fnac.com,5005168,49436177.3371558
398,orbitz.com,5001644,50907059.987477966
399,tribunnews.com,4993123,108855301.12771186
988,abebooks.com,6.46,0
401,rozetka.com.ua,4961689,63391523.50305392
403,shopee.com.br,4930585,122990170.30849741
407,opentable.com,4879635,188626823.69110152
408,livemint.com,4876075,187420685.61531076
409,movieweb.com,4855522,34025860.702941366
410,womenshealthmag.com,4850837,38316151.62761206
411,apartments.com,4844923,252788354.57725894
412,elespanol.com,4835233,42247385.64099003
414,ultimate-guitar.com,4827566,80436204.30062322
417,mumsnet.com,4818308,17546921.092795394
418,realsimple.com,4807310,73061479.37985271
419,vectorstock.com,4802522,38469988.19607614
420,polygon.com,4799965,30382533.845490165
421,mubi.com,4779533,49848230.3443576
876,rakuten.com,6.52,0
423,ebay.com.au,4765628,20027311.494729437
424,popsugar.com,4753863,27153122.0905921
427,thespruce.com,4747316,123642350.20929118
428,cancer.gov,4742223,214164707.61681432
430,city-data.com,4721200,16680959.842892846
432,nymag.com,4700677,61379896.75382375
433,kohls.com,4693031,90786840.48691317
434,123rf.com,4687390,12909996.979529284
435,countryliving.com,4680154,91842269.45905788
436,harpersbazaar.com,4665646,57329906.62835443
437,sofascore.com,4664018,471349429.0395212
438,semanticscholar.org,4661193,8604374.658364998
439,food.com,4657238,95223563.71499929
441,yumpu.com,4655460,5625654.895146158
442,note.com,4645016,66782188.83279765
443,jagran.com,4640986,133799875.12740089
445,plex.tv,4622260,50672686.17025776
446,viator.com,4618591,46655098.642257646
449,grubhub.com,4602311,198365066.36139533
450,business-standard.com,4601885,139519722.07828206
451,klook.com,4601624,61938567.28757505
452,lifewire.com,4598468,52986909.710389614
453,kumparan.com,4592956,186352585.85391596
454,hinkhoj.com,4591325,279542070.58732605
455,sportingnews.com,4591320,70678804.67715645
457,uptodate.com,4560943,58020369.08789151
458,wanderlog.com,4552703,22913498.28584592
459,instacart.com,4550583,67750095.3307386
460,aarp.org,4542972,54792199.32999233
461,linguee.com,4538673,53417352.58705692
462,everydayhealth.com,4518964,34065462.37136508
463,thepioneerwoman.com,4517509,130289058.66674945
464,state.gov,4498170,158452515.31077865
465,salary.com,4497546,14348596.448476937
466,nike.com,4492507,290077953.1560478
467,alltrails.com,4492452,80297692.76851512
469,cdiscount.com,4486834,34981940.68669042
471,cvs.com,4461356,155267175.43992668
472,teacherspayteachers.com,4457202,23927777.060029723
473,liputan6.com,4452728,159088828.28614712
474,psu.edu,4449705,48115820.573338754
475,trulia.com,4445822,144870222.10301661
325,houzz.com,7.06,0
477,encyclopedia.com,4431568,19315087.346541684
478,wordnik.com,4424424,27009180.204629496
479,bhg.com,4421579,64844980.85364138
480,dzen.ru,4421468,6959153.475069733
481,techtarget.com,4418181,196508467.2907692
483,pngegg.com,4396863,13916053.357806677
484,picclick.com,4396655,2520996.564921988
485,archiveofourown.org,4394367,29191747.75614185
486,ebay.fr,4392778,16005075.81646062
487,investing.com,4372894,326972448.588074
488,traveloka.com,4372686,134696365.511852
489,wise.com,4366311,867634316.59084
492,lawinsider.com,4338715,31281651.854434058
493,timeanddate.com,4315611,889281365.9362968
494,consumerreports.org,4313556,50347425.422478124
495,zara.com,4300476,101702017.97254267
496,mercadolibre.com.ar,4290426,125126724.12928249
497,eater.com,4281582,181491912.6322096
498,tasteofhome.com,4277090,92236207.87391128
500,aaa.com,4271638,98699248.52797708
501,javatpoint.com,4268671,110631203.41107444
502,umn.edu,4257411,47129304.049528375
666,refinery29.com,6.65,0
504,pinterest.de,4230664,80977933.3144061
505,almaany.com,4222853,62729151.14665951
506,caranddriver.com,4222230,184292700.54040468
507,thekitchn.com,4220852,91001453.25438894
508,mappy.com,4216548,75292303.52553818
509,glamour.com,4213194,57650829.54735187
510,foxsports.com,4211930,195310458.99209607
511,drugs.com,4205075,148599219.23755273
512,justia.com,4195437,31968057.44424127
513,healthgrades.com,4193065,37521901.028769724
515,famousbirthdays.com,4181431,73852471.20044933
516,definitions.net,4171282,19513029.07934664
517,mapcarta.com,4160291,10614423.19595141
518,blibli.com,4155640,145723415.7303894
519,digitalspy.com,4155402,24492858.775092922
835,iheart.com,6.54,0
521,masterclass.com,4115100,76776318.25411515
522,thespruceeats.com,4108684,92077144.04096623
523,va.gov,4102318,54508865.58785181
864,jamanetwork.com,6.52,0
869,bmj.com,6.52,0
526,filmaffinity.com,4092886,98396095.84163179
527,tripadvisor.ca,4089916,257284522.7520056
237,fda.gov,7.22,0
529,moneycontrol.com,4071304,950703347.931767
530,cntraveler.com,4070874,106104689.94373202
531,jagranjosh.com,4067411,179609749.76273012
532,ubuy.com,4051796,3066146.239383092
533,si.edu,4051215,106196305.20819189
534,mercadolibre.com.co,4049185,59006703.69498195
680,bol.com,6.64,0
536,zippia.com,4036555,13279684.301281106
537,fodors.com,4035605,25155165.391051106
824,xbox.com,6.55,0
539,farfetch.com,4032605,61774111.11410455
482,columbia.edu,6.82,0
541,hamariweb.com,4029123,176430251.72347474
542,homes.com,4025215,78525129.9396746
543,loopnet.com,4023609,20484775.482295267
544,yelp.ca,4021693,101111722.42522924
546,travelandleisure.com,4002134,89616532.82203695
547,bleacherreport.com,3998230,74234384.44448781
548,samsclub.com,3984917,59231447.17619598
549,vrbo.com,3983315,29540083.62049278
550,nerdwallet.com,3971553,253098417.9416327
540,livescience.com,6.77,0
553,powerthesaurus.org,3970684,31114718.347743593
608,aljazeera.com,6.7,0
556,bilibili.tv,3911670,46460666.123530805
557,trivago.com,3907107,72037132.5213485
559,rd.com,3899248,47837277.16080993
560,oxfordreference.com,3887116,29123070.325165775
561,tureng.com,3886340,65568153.564849444
562,kiddle.co,3864565,13925451.234970361
563,timesnownews.com,3843607,54544917.94926962
565,olympics.com,3837533,382269742.0862675
566,livejournal.com,3832986,6878900.206214689
567,walgreens.com,3826685,102243587.78858417
568,rogerebert.com,3824531,55331263.42844632
569,ufl.edu,3820237,44796432.65668386
571,azlyrics.com,3817845,64584826.94966125
572,navitime.co.jp,3816560,117112235.16353838
573,tripadvisor.co,3807645,29050664.24140928
575,americanas.com.br,3795397,146096952.41205576
538,marketwatch.com,6.77,0
577,wondershare.com,3785791,30277953.87635477
578,unacademy.com,3779072,212076038.4058233
579,trendyol.com,3771461,152964169.93690985
580,kbb.com,3769063,151560453.42778227
581,smule.com,3767505,41174587.36674005
582,cbssports.com,3766875,259591930.14112025
583,prtimes.jp,3765314,56884757.77547099
584,byrdie.com,3759551,78506483.1447184
585,diy.com,3754030,62140225.721925326
586,coursehero.com,3752796,10280266.831076587
587,nyc.gov,3746082,86157867.80286
588,lumenlearning.com,3744709,33587555.54652199
589,tripadvisor.fr,3741325,157026188.5404461
590,howtogeek.com,3740641,23970146.76787307
592,legacy.com,3726268,69041908.15491611
872,squarespace.com,6.52,0
594,lanacion.com.ar,3714550,96468661.87134635
595,menupix.com,3712767,7565464.293224679
596,mynavi.jp,3710491,95036701.82554048
597,rae.es,3710455,431832902.1901035
598,edmunds.com,3692898,156209746.9746347
599,meesho.com,3690028,85472870.0641044
206,fortune.com,7.33,0
601,dexerto.com,3678472,19327932.092720333
602,superuser.com,3672756,17549987.371358518
805,otto.de,6.55,0
605,comicbook.com,3661721,11851351.508446125
606,nhsinform.scot,3660873,90026128.3891958
607,argos.co.uk,3657187,68448494.30786552
608,virginia.gov,3649302,51568445.19748283
609,walmart.ca,3638259,60035432.4649983
874,idealo.de,6.52,0
611,tvinsider.com,3632047,48376051.78774832
612,amazon.com.mx,3630754,109568905.59831725
614,goibibo.com,3629020,213416934.30606166
615,rochester.edu,3624143,47951054.307444796
616,skysports.com,3623608,316454445.4496998
617,history.com,3620357,122767015.32172781
618,angi.com,3619053,78641344.46591324
619,noaa.gov,3600940,120766839.37058821
620,pressbooks.pub,3598197,22581180.288804896
801,eonline.com,6.56,0
622,dickssportinggoods.com,3588350,103567793.49737123
624,findmeglutenfree.com,3578587,19658964.408993676
625,reserving.com,3562590,10327862.46620694
626,unirioja.es,3560575,13023948.427364137
627,thetimes.com,3560138,22598741.69888842
629,wisc.edu,3548869,43978696.86497329
630,gq.com,3547751,36959383.41567883
631,yell.com,3546770,23475409.47968583
632,seriouseats.com,3544564,71643511.8884913
633,epicentrk.ua,3543513,22792134.546625324
634,pitchbook.com,3536741,21297098.32538954
635,menards.com,3536711,39706245.69980354
636,foodandwine.com,3536513,94800968.99750897
911,leparisien.fr,6.5,0
638,hilton.com,3532991,266201334.45528916
154,vox.com,7.5,0
461,epa.gov,6.85,0
641,tripadvisor.in,3523728,543462809.9265327
642,omnicalculator.com,3521005,241200311.46533963
643,langeek.co,3520604,17923498.36374098
644,tuasaude.com,3514614,167535060.79312468
645,shiksha.com,3510846,238173333.89118588
646,bringfido.com,3510252,22716703.58300806
647,cars.com,3508309,134079913.26407366
648,mass.gov,3508124,43782413.11214707
649,spanishdict.com,3506883,137351722.37139425
650,usmagazine.com,3497926,48432623.58252923
651,docomo.ne.jp,3474695,81530989.89361739
652,fastercapital.com,3470460,6483215.10572928
653,lyrics.com,3465525,14572484.475496395
531,zdnet.com,6.77,0
655,amarujala.com,3459434,138431952.63245603
656,aptoide.com,3449973,42446707.7361851
657,eatingwell.com,3449332,66715388.98652986
658,restaurantji.com,3447111,5406278.72145584
659,yale.edu,3444452,27674476.015223354
660,unam.mx,3440484,56074606.261420734
661,planetofhotels.com,3435991,8219230.578614309
665,next.co.uk,3423738,67062157.18682136
666,lyst.com,3402635,22778973.113715947
667,rent.com,3391415,43882628.353836626
668,larousse.fr,3386783,196955757.76964656
392,ancestry.com,6.93,0
670,tripadvisor.de,3366312,125352242.32461126
671,lastminute.com,3365636,33543791.512251854
672,ozon.ru,3364719,2836502.6226024125
673,allcitycanvas.com,3360330,8373698.38566646
674,lonelyplanet.com,3354515,57338956.860434525
675,zmenu.com,3353585,9595994.43024325
676,kaiserpermanente.org,3349872,40442553.14992134
677,chron.com,3347373,14852317.130997311
678,momjunction.com,3340523,35008732.05130067
622,marthastewart.com,6.69,0
680,tutorialspoint.com,3338444,42079731.248959914
681,vinmec.com,3336880,43626138.82640802
682,the-sun.com,3336790,23058545.463928334
683,heb.com,3334674,43402646.71119408
684,core.ac.uk,3321689,6809126.076121384
685,livehindustan.com,3317649,154812971.44744822
686,pixnet.net,3312661,34316259.14021478
687,marksandspencer.com,3309855,83908858.52956909
688,wordwall.net,3304437,23022523.167244185
689,fc2.com,3300238,25379012.952062137
690,casetext.com,3292467,8509871.89043305
691,priceline.com,3291938,35995719.576616816
692,bartleby.com,3291757,9865633.498116475
694,elconfidencial.com,3287018,25439800.34370502
977,allmusic.com,6.47,0
696,hrs.com,3280338,13222163.560247
697,firstcry.com,3279496,52162731.49003322
698,babycenter.com,3278243,58955413.99958831
699,apa.org,3267616,51657844.733075336
700,doubtnut.com,3266786,37445292.59108003
701,carfax.com,3247046,162001458.0052381
702,roadtrippers.com,3238442,10919536.155624038
944,mlb.com,6.48,0
705,cinemablend.com,3233253,16981303.122167077
706,delish.com,3224095,101539510.0731921
707,hotelplanner.com,3220987,39775506.87591593
708,lyricstranslate.com,3218461,7393488.26631337
709,wynk.in,3213576,124625870.41450368
710,wordsmyth.net,3208471,18378756.307389367
711,translated.net,3208068,44790686.477098495
712,in.gov,3207756,43049462.09101593
714,ck12.org,3206449,164599181.74882063
716,ctvnews.ca,3203014,33872975.96146115
717,scielo.br,3202842,23450618.169657916
718,pcgamer.com,3198973,33854989.90629911
719,lazada.co.id,3197821,85167753.78513926
721,michelin.com,3195872,79667879.76412508
723,roku.com,3185243,30086693.66866079
724,motortrend.com,3184392,32016306.94115868
725,skyscanner.net,3182234,74284232.19319537
726,purdue.edu,3181870,85457623.67725575
727,nintendo.com,3173481,104778599.58130425
728,tabelog.com,3165014,422112852.4861547
730,kompass.com,3159884,7490426.668685138
767,newegg.com,6.58,0
732,simplyhired.com,3153766,16275259.412983198
733,news-medical.net,3145809,29217489.28562446
734,eurogamer.net,3142057,20060879.048287503
735,lww.com,3139183,11866643.585391283
737,stern.de,3127031,21825065.225126527
738,seamless.com,3121921,31052908.882168934
739,etymonline.com,3118339,15893332.973505944
740,corriere.it,3117636,82979735.59629512
742,merckmanuals.com,3114724,45871661.24325881
743,architecturaldigest.com,3108006,49309883.98222649
744,momondo.com,3106805,32613000.519426383
745,birdeye.com,3102677,6152815.946242519
746,pennmedicine.org,3100360,89990259.59966344
747,hgtv.com,3095603,72033613.63399203
748,metafilter.com,3094663,8735667.770718344
749,prokerala.com,3092094,96667181.017448
750,ebay.it,3088482,21324028.387381762
751,ihg.com,3087207,126573474.85295984
752,chordify.net,3087127,5905626.916369833
753,thebump.com,3083386,73968470.9688541
754,patient.info,3080996,19064423.00406548
755,vocal.media,3075195,14164089.835941933
756,aajtak.in,3069430,200216295.6556445
757,uchicago.edu,3061599,20244838.430583123
758,cylex-uk.co.uk,3059436,9478361.56019451
759,dell.com,3058888,55262580.97640547
763,michigan.gov,6.58,0
762,youm7.com,3041173,60612745.92560715
241,dribbble.com,7.21,0
985,lenovo.com,6.46,0
765,ucdavis.edu,3029795,32930531.6168112
766,osu.edu,3029757,29932755.715355836
767,daum.net,3027060,18570341.093703844
768,ox.ac.uk,3023393,22280993.818825528
769,hotelscombined.com,3022298,15818469.41804971
770,capcut.com,3018442,21684302.818622123
771,idntimes.com,3016926,60157107.21277369
772,livestrong.com,3015227,14754663.727824327
773,nme.com,3010999,20601329.951823823
774,forvo.com,3010022,12804163.258932961
775,howtopronounce.com,3002965,18561526.6679504
776,bonappetit.com,3000142,61836261.35097698
777,carousell.sg,2997559,5662624.849536631
778,gaana.com,2993797,102021738.11545388
779,familysearch.org,2990791,34240052.56977401
780,ieee.org,2985247,15567112.922016848
781,bfmtv.com,2982543,41712496.23590102
782,ukr.net,2982006,35348611.81405829
783,data.gouv.fr,2981560,23530654.835191756
784,purewow.com,2977617,19877441.316940613
920,verizon.com,6.5,0
786,aiscore.com,2970304,125768851.01945461
787,asda.com,2969180,44315061.853420556
788,msu.edu,2960473,29711329.166972034
992,pixiv.net,6.46,0
790,allure.com,2957204,103326274.7464121
791,cargurus.com,2956598,49140841.82845591
792,apkpure.net,2954368,28620847.58746521
794,vaia.com,2948657,10154822.758063259
795,kakaku.com,2948547,77679581.05883417
796,stylecraze.com,2945752,15196239.741104621
797,gramedia.com,2944441,135484436.90386602
798,illinois.edu,2940323,48936965.62484111
799,chip.de,2938827,51833700.396076895
800,wikivoyage.org,2938067,47141402.53052948
952,france24.com,6.48,0
802,tesco.com,2933227,60659483.60865157
803,churchofjesuschrist.org,2932872,56813842.63130626
805,1stdibs.com,2931420,7894783.051430361
806,pinkvilla.com,2930349,28922922.31135707
807,myntra.com,2928983,335891669.5410664
808,michaels.com,2928769,64229186.89643461
809,noon.com,2923961,23914510.033569165
811,mnemonicdictionary.com,2918661,14134343.984435022
812,actu.fr,2917383,29728599.159750167
813,primark.com,2916856,25380205.322464377
746,slate.com,6.59,0
815,www.gob.mx,2904975,132526169.11539169
812,postmates.com,6.55,0
817,my-best.com,2893500,71496878.34010766
818,nj.gov,2892658,34569034.02618747
819,klarna.com,2891487,14292961.598035412
820,songfacts.com,2888307,14335931.100769356
821,casasbahia.com.br,2881581,82893962.82604462
433,irs.gov,6.87,0
760,untappd.com,6.59,0
824,arcgis.com,2875872,33199960.8933641
825,yellowpages.ca,2873810,24260793.92106541
826,maryland.gov,2871262,40123549.54347566
827,housebeautiful.com,2869061,49035559.26227889
828,depop.com,2866330,6383397.812195227
829,20minutes.fr,2865945,53119710.97489539
830,urdupoint.com,2862846,101109354.0767661
831,usembassy.gov,2861996,52832100.51019572
832,allegro.pl,2861210,122395549.81385931
833,illinois.gov,2843280,40899129.385736346
834,spiceworks.com,2842864,15627000.924838569
835,verywellmind.com,2840256,114573285.49847016
836,utah.edu,2835500,23421921.205733616
837,acs.org,2831839,25679998.35308249
838,prevention.com,2831570,34263401.548720084
839,elcomercio.pe,2817754,35785291.22785623
840,singleplatform.com,2815292,22310027.91766309
442,smithsonianmag.com,6.87,0
842,offerup.com,2809222,4556876.447945962
843,resetera.com,2808140,9025419.009697217
700,worldbank.org,6.62,0
845,ingles.com,2805790,116188175.36277208
846,pa.gov,2797475,42528561.65400794
712,globalnews.ca,6.62,0
848,jdpower.com,2787738,34080681.802286714
849,findlaw.com,2786392,36664935.30386378
850,grid.id,2785321,36407438.847878866
851,toasttab.com,2783784,26570939.02555754
852,cedars-sinai.org,2779617,44186556.90623401
853,infinitylearn.com,2776693,51339883.38866393
854,bhaskar.com,2774475,82236751.71898963
855,hse.ie,2774191,17903151.975354448
856,pikiran-rakyat.com,2770576,22050250.826553304
857,freepik.es,2769915,78268515.5277552
858,cuemath.com,2768965,364596577.2128178
859,ed.gov,2768923,29504021.838478975
860,cmac.ws,2766805,4234049.909583129
754,pinterest.co.uk,6.59,0
658,androidauthority.com,6.66,0
863,unc.edu,2763965,28814369.617328934
864,allocine.fr,2761532,177106994.51352125
865,eltiempo.com,2759277,42417636.10580738
866,gymglish.com,2757836,18691344.72568904
867,365scores.com,2754210,104934088.97971673
868,hotwire.com,2753279,30810185.826424286
869,cvent.com,2751717,18054337.391467817
870,bustle.com,2751655,8277747.786144013
871,jalan.net,2747228,148147186.80154842
872,mo.gov,2746819,37451929.66418442
873,aafp.org,2742582,28288971.849949013
460,chicagotribune.com,6.86,0
875,pappers.fr,2741613,17771447.876870215
876,tradingview.com,2740366,207888372.18931234
877,free.fr,2737126,21695575.759544346
878,bankrate.com,2736995,247952667.8641644
879,glamourmagazine.co.uk,2735751,21871605.676990144
880,self.com,2728739,16155218.320936628
881,komoot.com,2722088,15909467.148947824
882,thewrap.com,2721402,17290127.016879287
883,olx.com.br,2717369,70875625.76887977
884,thriftbooks.com,2715708,17767578.02834474
885,tripadvisor.it,2714425,172107173.4281549
886,stockx.com,2713626,52308238.47399273
887,alamy.de,2713101,5907223.0309264045
888,teenvogue.com,2711470,31494317.8121332
889,lazada.com.ph,2710852,23765567.031551547
82,imgur.com,7.91,0
891,udn.com,2709415,32672916.92612552
892,getyourguide.com,2708284,18945439.215364195
893,ct.gov,2707900,27860458.371645305
894,food52.com,2705784,18082308.144909993
895,sirved.com,2703530,4868855.090991829
896,journaldesfemmes.fr,2700024,62093306.40672159
897,wego.com,2697573,15941541.038697414
898,okdiario.com,2695629,24964076.86532692
783,faz.net,6.57,0
900,worldatlas.com,2695225,66370484.90297085
901,nexusmods.com,2690343,20566511.242921762
902,libguides.com,2689328,32131645.458509378
903,mapion.co.jp,2688925,34754931.03570596
904,grammarly.com,2688919,185722066.27712178
905,state.mn.us,2688156,35907425.59320991
906,mensjournal.com,2687609,18723847.100674964
907,decider.com,2682642,11842755.784658862
908,ycombinator.com,2681844,13713527.333899895
909,elcorteingles.es,2681786,52204126.15636073
910,bukalapak.com,2680632,29425560.823560577
415,coursera.org,6.9,0
912,univision.com,2675720,16890740.24597594
913,autozone.com,2673516,86739140.59191248
914,linguee.fr,2666532,64357612.89722789
915,instyle.com,2665530,36272093.55832169
162,steemit.com,7.48,0
917,army.mil,2662332,48768303.83637108
918,herzindagi.com,2658952,56834651.33537197
919,leverageedu.com,2654473,82711227.12638423
510,zazzle.com,6.79,0
921,hola.com,2652744,31804372.304087885
922,fandango.com,2652235,137425745.06375846
923,subito.it,2651231,47328909.54470652
924,weather.gov,2649654,179885380.139836
925,naukri.com,2648531,136820063.157405
926,ucla.edu,2647197,28116582.316573493
927,theorg.com,2644628,7647675.885370897
928,marketscreener.com,2639861,32149857.43223446
929,tripadvisor.es,2638495,172292686.4972791
930,fresha.com,2637942,50322943.76495058
932,whosampled.com,2630784,7684617.139420556
166,w3schools.com,7.47,0
961,ticketmaster.com,6.47,0
935,bunnings.com.au,2626654,40389658.69832393
936,hellomagazine.com,2625105,26222932.917839605
937,shopee.com.my,2620654,24332910.733797155
938,tubitv.com,2620530,35620128.84665212
939,apkcombo.com,2619999,15426334.266294125
940,ohio.gov,2617773,36935737.84972587
753,axios.com,6.59,0
942,rei.com,2616030,44608245.912016444
376,bizjournals.com,6.95,0
944,meinestadt.de,2611745,15662362.226259075
945,songtexte.com,2610891,15473236.244782163
946,cylex.us.com,2609807,1945996.0437140372
947,canadiantire.ca,2606495,56448893.83935126
948,holidify.com,2604361,148973607.8434226
950,linternaute.com,2603239,37533814.67397678
951,nj.com,2600803,21241588.84633998
952,tractorsupply.com,2600530,45304361.98578568
953,financialexpress.com,2596770,64253666.510993846
954,dot.gov,2595819,26952482.592353567
955,acehardware.com,2593316,36994455.35942298
774,deepl.com,6.58,0
957,expedia.co.uk,2590902,58861884.93446456
958,soccerway.com,2581905,65962828.06792529
959,cnnindonesia.com,2576919,108370070.58334482
960,bigw.com.au,2575830,16960392.650453087
961,gotquestions.org,2573920,42316785.507155314
962,oregon.gov,2573098,22013672.318560287
963,reclameaqui.com.br,2565843,68741038.76719525
473,vanityfair.com,6.83,0
965,ncsu.edu,2561977,44580360.695711076
966,streetdirectory.com,2561816,36749540.436925784
967,welt.de,2554479,19428979.366287768
968,songmeanings.com,2552148,14850925.442151556
969,wikiquote.org,2545022,18854490.45692169
752,bhphotovideo.com,6.59,0
971,shafa.ua,2540619,6495958.576791761
972,tsn.ua,2537804,35090697.515481934
973,francebleu.fr,2537070,20240669.35494011
975,bookmyshow.com,2532547,224234741.8234651
976,giftly.com,2529865,6054722.584511975
977,boots.com,2521393,50271413.16102088
979,wikimapia.org,2519335,7135536.778755819
980,jusbrasil.com.br,2518810,46949361.4712504
981,familyhandyman.com,2517423,22674909.035693508
982,hotpepper.jp,2509804,150813634.4466085
983,studysmarter.co.uk,2509267,16311407.334763328
984,pressreader.com,2505875,14112353.807869736
985,gardenweb.com,2505612,5796426.678443283
903,indiewire.com,6.5,0
987,niche.com,2503710,52063553.374139875
988,verywellfit.com,2501766,65386328.095831975
990,jcpenney.com,2489863,43641301.719170205
991,nasdaq.com,2483705,203189806.60772312
993,gouv.qc.ca,2480250,41281611.86351656
994,physio-pedia.com,2475968,66478968.45265655
995,redalyc.org,2471590,9137186.71186774
996,lovetoknow.com,2470683,19274475.668187827
997,booked.net,2470679,6766313.2246377375
984,bild.de,6.46,0
999,bigl.ua,2467248,2444540.3180093784
1000,biblestudytools.com,2463489,109175673.45183279
1,fonts.googleapis.com,10,0
6,s.w.org,10,0
8,googletagmanager.com,10,0
10,ajax.googleapis.com,10,0
12,gmpg.org,10,0
14,fonts.gstatic.com,9.6,0
19,itunes.apple.com,9.21,0
25,cdnjs.cloudflare.com,8.99,0
28,google-analytics.com,8.8,0
29,maps.googleapis.com,8.79,0
44,apis.google.com,8.35,0
45,ec.europa.eu,8.33,0
46,lh3.googleusercontent.com,8.3,0
47,chrome.google.com,8.28,0
50,maxcdn.bootstrapcdn.com,8.25,0
51,support.microsoft.com,8.25,0
52,blogger.com,8.25,0
54,s3.amazonaws.com,8.23,0
55,code.jquery.com,8.23,0
59,apps.apple.com,8.14,0
63,m.facebook.com,8.08,0
68,commons.wikimedia.org,8.02,0
70,i.imgur.com,8,0
72,wp.me,7.99,0
76,support.apple.com,7.97,0
85,googleads.g.doubleclick.net,7.9,0
91,platform.twitter.com,7.85,0
94,messenger.com,7.82,0
95,web.archive.org,7.81,0
96,secure.gravatar.com,7.81,0
104,eepurl.com,7.74,0
107,i0.wp.com,7.73,0
109,player.vimeo.com,7.73,0
111,developer.mozilla.org,7.69,0
118,paypal.me,7.65,0
119,slack.com,7.64,0
120,adwords.google.com,7.64,0
123,open.spotify.com,7.63,0
125,gsuite.google.com,7.6,0
127,thinkwithgoogle.com,7.6,0
129,cloud.google.com,7.59,0
132,analytics.google.com,7.58,0
133,lh5.googleusercontent.com,7.58,0
134,docs.microsoft.com,7.56,0
136,mixcloud.com,7.55,0
137,google.co.in,7.54,0
139,gist.github.com,7.54,0
140,download.macromedia.com,7.54,0
145,addons.mozilla.org,7.52,0
146,msdn.microsoft.com,7.52,0
148,pagead2.googlesyndication.com,7.52,0
149,cdn.jsdelivr.net,7.52,0
151,meetup.com,7.51,0
156,arstechnica.com,7.5,0
157,support.mozilla.org,7.5,0
163,upload.wikimedia.org,7.48,0
164,aws.amazon.com,7.47,0
169,moz.com,7.46,0
170,drupal.org,7.45,0
174,sourceforge.net,7.45,0
176,ncbi.nlm.nih.gov,7.44,0
178,thenextweb.com,7.43,0
181,trends.google.com,7.43,0
184,j.mp,7.41,0
185,about.me,7.41,0
186,gov.uk,7.4,0
187,i.ytimg.com,7.4,0
188,squareup.com,7.39,0
191,developer.apple.com,7.38,0
195,google.com.au,7.36,0
200,marketingplatform.google.com,7.35,0
202,freelancer.com,7.35,0
203,evernote.com,7.33,0
205,static.wixstatic.com,7.33,0
207,wix.com,7.33,0
210,podcasts.google.com,7.31,0
212,support.cloudflare.com,7.3,0
215,entrepreneur.com,7.3,0
218,lh4.googleusercontent.com,7.28,0
220,cargocollective.com,7.27,0
221,join.slack.com,7.27,0
222,api.whatsapp.com,7.26,0
224,pbs.twimg.com,7.26,0
228,lifehacker.com,7.25,0
229,patreon.com,7.25,0
231,lh6.googleusercontent.com,7.24,0
232,feeds.feedburner.com,7.24,0
233,trello.com,7.24,0
235,helpx.adobe.com,7.23,0
240,digitalocean.com,7.21,0
242,ssl.gstatic.com,7.21,0
246,uk.linkedin.com,7.2,0
248,codepen.io,7.19,0
251,snapchat.com,7.19,0
252,googleadservices.com,7.19,0
257,500px.com,7.17,0
258,qz.com,7.17,0
259,dl.dropboxusercontent.com,7.17,0
260,store.steampowered.com,7.17,0
261,webmasters.googleblog.com,7.17,0
262,podcasts.apple.com,7.17,0
264,m.youtube.com,7.16,0
265,gartner.com,7.16,0
266,web.facebook.com,7.15,0
267,blogs.msdn.com,7.15,0
268,mailchi.mp,7.15,0
271,periscope.tv,7.14,0
273,googleblog.blogspot.com,7.14,0
276,npmjs.com,7.14,0
277,motherboard.vice.com,7.14,0
280,sxsw.com,7.13,0
281,fiverr.com,7.13,0
284,venturebeat.com,7.13,0
285,hangouts.google.com,7.12,0
287,upwork.com,7.11,0
289,music.apple.com,7.11,0
294,hbr.org,7.1,0
296,stumbleupon.com,7.09,0
300,tiny.cc,7.09,0
301,services.google.com,7.09,0
302,xkcd.com,7.09,0
304,developers.facebook.com,7.08,0
307,s7.addthis.com,7.08,0
309,i2.wp.com,7.08,0
313,money.cnn.com,7.07,0
314,timesofindia.indiatimes.com,7.07,0
317,de-de.facebook.com,7.06,0
318,pastebin.com,7.06,0
321,ifttt.com,7.06,0
322,dev.mysql.com,7.06,0
324,use.fontawesome.com,7.06,0
326,developer.android.com,7.05,0
328,speakerdeck.com,7.05,0
329,productforums.google.com,7.05,0
335,calendly.com,7.04,0
336,lg.com,7.04,0
340,businesswire.com,7.03,0
342,dx.doi.org,7.03,0
343,udemy.com,7.03,0
344,edition.cnn.com,7.02,0
345,1.bp.blogspot.com,7.02,0
346,l.facebook.com,7.02,0
347,dl.dropbox.com,7.02,0
348,store.google.com,7.01,0
349,gumroad.com,7.01,0
350,azure.microsoft.com,7.01,0
351,i1.wp.com,7,0
352,ubuntu.com,7,0
355,raw.githubusercontent.com,7,0
357,bluehost.com,6.99,0
359,pewresearch.org,6.99,0
360,google.cn,6.99,0
361,profiles.google.com,6.98,0
362,login.microsoftonline.com,6.98,0
365,fastcompany.com,6.98,0
366,is.gd,6.97,0
370,openstreetmap.org,6.96,0
371,pewinternet.org,6.96,0
372,photos.app.goo.gl,6.96,0
373,buff.ly,6.96,0
374,events.google.com,6.96,0
375,link.springer.com,6.96,0
377,residentadvisor.net,6.95,0
378,golang.org,6.95,0
380,s3-eu-west-1.amazonaws.com,6.95,0
381,boardgamegeek.com,6.95,0
383,i.redd.it,6.95,0
384,ad.doubleclick.net,6.95,0
385,ow.ly,6.94,0
387,pt.slideshare.net,6.94,0
388,buffer.com,6.94,0
390,chromium.org,6.94,0
391,patheos.com,6.93,0
393,youtube-nocookie.com,6.93,0
395,amzn.com,6.93,0
396,hulu.com,6.93,0
397,greenpeace.org,6.93,0
399,apps.facebook.com,6.92,0
400,census.gov,6.92,0
401,app.box.com,6.92,0
402,windows.microsoft.com,6.92,0
404,sketchfab.com,6.92,0
405,avvo.com,6.92,0
406,searchengineland.com,6.92,0
407,shareasale.com,6.92,0
410,plaza.rakuten.co.jp,6.91,0
413,ca.linkedin.com,6.9,0
414,uber.com,6.9,0
416,adage.com,6.9,0
418,flic.kr,6.89,0
419,developer.chrome.com,6.89,0
422,spreaker.com,6.89,0
423,filezilla-project.org,6.89,0
424,flipboard.com,6.89,0
425,pcworld.com,6.89,0
427,pitchfork.com,6.88,0
428,weforum.org,6.88,0
430,9to5mac.com,6.88,0
431,1drv.ms,6.88,0
432,uspto.gov,6.88,0
434,copyblogger.com,6.87,0
435,example.com,6.87,0
436,maps.google.co.jp,6.87,0
437,fonts.google.com,6.87,0
438,siteground.com,6.87,0
439,sony.net,6.87,0
441,creativemarket.com,6.87,0
443,mobile.twitter.com,6.87,0
444,acm.org,6.87,0
445,accenture.com,6.87,0
446,git-scm.com,6.87,0
448,cdn.shopify.com,6.86,0
449,schema.org,6.86,0
451,redcross.org,6.86,0
452,nodejs.org,6.86,0
455,gitlab.com,6.86,0
458,freshbooks.com,6.86,0
459,heise.de,6.86,0
462,anchor.fm,6.85,0
463,telegram.org,6.85,0
466,eventbrite.co.uk,6.84,0
467,googlewebmastercentral.blogspot.com,6.84,0
470,producthunt.com,6.84,0
472,click.linksynergy.com,6.84,0
474,diigo.com,6.83,0
475,about.fb.com,6.83,0
478,codecanyon.net,6.83,0
479,appstore.com,6.83,0
480,tools.ietf.org,6.83,0
481,rockpapershotgun.com,6.82,0
483,constantcontact.com,6.82,0
485,eur-lex.europa.eu,6.82,0
487,business.facebook.com,6.82,0
488,material.io,6.82,0
489,neilpatel.com,6.81,0
490,discordapp.com,6.81,0
492,design.google,6.81,0
494,slashgear.com,6.81,0
496,python.org,6.81,0
498,storify.com,6.8,0
499,elegantthemes.com,6.8,0
500,europe1.fr,6.8,0
501,pwc.com,6.8,0
502,activecampaign.com,6.8,0
504,ravelry.com,6.8,0
506,propublica.org,6.79,0
507,smugmug.com,6.79,0
508,inc.com,6.79,0
511,dol.gov,6.79,0
512,scoop.it,6.79,0
513,bit.do,6.79,0
515,eclipse.org,6.79,0
517,xing.com,6.78,0
518,hbo.com,6.78,0
520,jetbrains.com,6.78,0
521,iconfinder.com,6.78,0
522,cafepress.com,6.78,0
523,strava.com,6.78,0
525,kiva.org,6.78,0
527,boredpanda.com,6.78,0
529,pinterest.ca,6.77,0
530,stats.wp.com,6.77,0
532,sproutsocial.com,6.77,0
533,rebrand.ly,6.77,0
535,a.co,6.77,0
541,flaticon.com,6.77,0
542,ilpost.it,6.77,0
543,connect.facebook.net,6.77,0
544,4.bp.blogspot.com,6.77,0
545,maps.google.co.nz,6.77,0
546,s0.wp.com,6.77,0
548,ustream.tv,6.76,0
549,lulu.com,6.76,0
550,socialmediatoday.com,6.76,0
551,market.android.com,6.76,0
553,journals.sagepub.com,6.76,0
555,xinhuanet.com,6.76,0
556,affiliate-program.amazon.com,6.75,0
557,politico.com,6.75,0
558,pnas.org,6.75,0
559,laughingsquid.com,6.75,0
560,access.redhat.com,6.75,0
561,s.ytimg.com,6.75,0
562,it.linkedin.com,6.75,0
563,dashlane.com,6.75,0
564,copyright.gov,6.75,0
565,news.bbc.co.uk,6.74,0
566,mentalfloss.com,6.74,0
567,zeit.de,6.74,0
568,google.cz,6.74,0
569,artsandculture.google.com,6.74,0
570,startnext.com,6.74,0
571,launchpad.net,6.74,0
574,edx.org,6.74,0
575,smashwords.com,6.74,0
576,philips.co.uk,6.74,0
577,smile.amazon.com,6.74,0
579,livestream.com,6.74,0
580,brookings.edu,6.74,0
581,thehill.com,6.73,0
582,popsci.com,6.73,0
583,blog.us.playstation.com,6.73,0
585,academic.oup.com,6.73,0
587,wetransfer.com,6.72,0
588,blog.livedoor.jp,6.72,0
590,families.google.com,6.72,0
591,obsproject.com,6.72,0
592,t.qq.com,6.72,0
594,blogs.windows.com,6.72,0
595,hostgator.com,6.72,0
596,google.gr,6.72,0
598,aub.edu.lb,6.72,0
599,digiday.com,6.72,0
600,gimp.org,6.72,0
601,treasury.gov,6.72,0
602,geocities.com,6.71,0
604,3.bp.blogspot.com,6.71,0
605,coinbase.com,6.71,0
607,abc.com,6.71,0
609,getresponse.com,6.7,0
610,dev.to,6.7,0
612,lynda.com,6.7,0
613,sellfy.com,6.7,0
614,prnt.sc,6.7,0
615,help.ubuntu.com,6.7,0
617,www8.hp.com,6.7,0
618,notion.so,6.7,0
619,vmware.com,6.7,0
620,kraken.com,6.7,0
621,vine.co,6.69,0
623,discord.me,6.69,0
624,dailycaller.com,6.69,0
626,media.giphy.com,6.69,0
627,flavors.me,6.69,0
628,blip.tv,6.69,0
629,prntscr.com,6.68,0
630,journals.plos.org,6.68,0
633,europarl.europa.eu,6.68,0
634,redhat.com,6.68,0
635,bugs.chromium.org,6.68,0
636,vanmiubeauty.com,6.68,0
638,google.ie,6.67,0
639,relapse.com,6.67,0
640,earth.google.com,6.67,0
642,br.linkedin.com,6.67,0
643,gopro.com,6.67,0
644,t.ly,6.67,0
645,get.adobe.com,6.67,0
646,news.mit.edu,6.67,0
649,onlinelibrary.wiley.com,6.67,0
650,techsmith.com,6.67,0
653,kstatic.googleusercontent.com,6.66,0
657,skfb.ly,6.66,0
659,accessify.com,6.66,0
660,tensorflow.org,6.66,0
661,chrisjdavis.org,6.66,0
662,box.net,6.66,0
663,poetryfoundation.org,6.66,0
664,law.cornell.edu,6.65,0
665,penguinrandomhouse.com,6.65,0
667,starwars.com,6.65,0
668,fr.linkedin.com,6.65,0
672,zalo.me,6.64,0
674,getpocket.com,6.64,0
675,webdesign.about.com,6.64,0
676,goo.gle,6.64,0
677,note.mu,6.64,0
679,fao.org,6.64,0
681,yoursite.com,6.64,0
682,sophos.com,6.64,0
683,automattic.com,6.64,0
684,podbean.com,6.64,0
685,sublimetext.com,6.64,0
687,vizio.com,6.64,0
688,thelancet.com,6.64,0
690,news.nationalgeographic.com,6.63,0
691,tunein.com,6.63,0
692,stitcher.com,6.63,0
693,coinmarketcap.com,6.63,0
694,amnestyusa.org,6.63,0
695,docs.wixstatic.com,6.63,0
697,validator.w3.org,6.63,0
698,asus.com,6.63,0
699,problogger.net,6.63,0
701,ticketportal.cz,6.62,0
703,static.googleusercontent.com,6.62,0
704,www-01.ibm.com,6.62,0
705,business.google.com,6.62,0
706,es.linkedin.com,6.62,0
707,songkick.com,6.62,0
708,adweek.com,6.62,0
709,lifehack.org,6.62,0
710,apple.co,6.62,0
711,sutterhealth.org,6.62,0
713,breitbart.com,6.62,0
714,thumbtack.com,6.61,0
715,eff.org,6.61,0
716,snopes.com,6.61,0
717,crowdrise.com,6.61,0
718,hkrsa.asia,6.61,0
719,metmuseum.org,6.61,0
720,pixlr.com,6.61,0
722,institutvajrayogini.fr,6.61,0
723,rhtlbn.mosgorcredit.ru,6.61,0
724,itchyfeetonthecheap.com,6.61,0
725,reacts.ru,6.61,0
726,db.tt,6.61,0
727,udacity.com,6.61,0
728,we.tl,6.6,0
729,blogtalkradio.com,6.6,0
730,audacityteam.org,6.6,0
731,youcaring.com,6.6,0
733,0.gravatar.com,6.6,0
734,health.harvard.edu,6.6,0
735,meta.wikimedia.org,6.6,0
736,google.ch,6.6,0
737,nhs.uk,6.6,0
738,mixi.jp,6.6,0
739,symfony.com,6.6,0
740,business.linkedin.com,6.6,0
741,mtv.com,6.6,0
742,1.gravatar.com,6.6,0
743,cyber.law.harvard.edu,6.59,0
744,bitcointalk.org,6.59,0
745,esa.int,6.59,0
747,oecd.org,6.59,0
748,raspberrypi.org,6.59,0
749,sfexaminer.com,6.59,0
750,warriorforum.com,6.59,0
751,g.page,6.59,0
757,code.visualstudio.com,6.59,0
758,netbeans.org,6.59,0
759,blockchain.info,6.59,0
762,cbs.com,6.59,0
764,oprah.com,6.58,0
766,mhlw.go.jp,6.58,0
768,2.bp.blogspot.com,6.58,0
769,pipes.yahoo.com,6.58,0
770,themarthablog.com,6.58,0
771,yummly.com,6.58,0
772,bitpay.com,6.58,0
773,buymeacoffee.com,6.58,0
775,blogs.scientificamerican.com,6.58,0
776,audible.com,6.58,0
777,bitbucket.org,6.58,0
779,in.linkedin.com,6.58,0
780,cse.google.com,6.57,0
781,use.typekit.net,6.57,0
784,adf.ly,6.57,0
785,cancerresearchuk.org,6.57,0
786,moma.org,6.57,0
787,bigthink.com,6.57,0
788,bandsintown.com,6.57,0
790,support.office.com,6.57,0
791,upi.com,6.57,0
792,zen.yandex.ru,6.57,0
793,collegehumor.com,6.57,0
795,gplus.to,6.56,0
796,themify.me,6.56,0
799,myfitnesspal.com,6.56,0
800,chris.pirillo.com,6.56,0
802,science.sciencemag.org,6.56,0
804,ko-fi.com,6.55,0
806,tkqlhce.com,6.55,0
807,unity3d.com,6.55,0
808,blog.naver.com,6.55,0
809,scratch.mit.edu,6.55,0
810,freewebs.com,6.55,0
811,drift.com,6.55,0
813,geek.com,6.55,0
814,geocities.jp,6.55,0
815,beian.gov.cn,6.55,0
816,meet.google.com,6.55,0
817,flattr.com,6.55,0
818,webroot.com,6.55,0
819,thoughtcatalog.com,6.55,0
821,seroundtable.com,6.55,0
822,checkpoint.com,6.55,0
823,form.jotform.com,6.55,0
825,infusionsoft.com,6.55,0
826,g1.globo.com,6.54,0
827,capterra.com,6.54,0
829,hawaii.edu,6.54,0
830,stock.adobe.com,6.54,0
831,osha.gov,6.54,0
832,buzzfeednews.com,6.54,0
836,en-gb.facebook.com,6.54,0
838,eventim.de,6.54,0
839,economictimes.indiatimes.com,6.54,0
840,presseportal.de,6.54,0
841,google.se,6.54,0
842,skillshare.com,6.54,0
843,puu.sh,6.53,0
844,examiner.com,6.53,0
845,stripe.com,6.53,0
846,firstdata.com,6.53,0
847,en.advertisercommunity.com,6.53,0
848,download.microsoft.com,6.53,0
849,s-media-cache-ak0.pinimg.com,6.53,0
850,ctt.ec,6.53,0
851,cia.gov,6.53,0
852,docker.com,6.53,0
854,humblebundle.com,6.52,0
855,chiark.greenend.org.uk,6.52,0
856,pandora.com,6.52,0
857,google.co.za,6.52,0
858,payhip.com,6.52,0
859,thingiverse.com,6.52,0
860,inkscape.org,6.52,0
861,adobe.ly,6.52,0
862,css-tricks.com,6.52,0
863,ja-jp.facebook.com,6.52,0
865,maps.gstatic.com,6.52,0
867,chase.com,6.52,0
868,cisco.com,6.52,0
870,louvre.fr,6.52,0
871,aclu.org,6.52,0
873,gum.co,6.52,0
875,imore.com,6.52,0
877,fbi.gov,6.52,0
878,united.com,6.52,0
879,google.pt,6.51,0
880,event.on24.com,6.51,0
881,nejm.org,6.51,0
882,colorado.edu,6.51,0
883,franchising.com,6.51,0
884,logitech.com,6.51,0
886,tf1.fr,6.51,0
887,keep.google.com,6.51,0
888,hostinger.com,6.51,0
889,nbc.com,6.51,0
890,stats.g.doubleclick.net,6.51,0
892,blog.hubspot.com,6.51,0
893,1.envato.market,6.51,0
894,accessdata.fda.gov,6.51,0
895,google.be,6.51,0
896,help.apple.com,6.51,0
897,technorati.com,6.51,0
898,pond5.com,6.51,0
899,ucl.ac.uk,6.51,0
900,a2hosting.com,6.51,0
901,amzn.asia,6.5,0
904,mp.weixin.qq.com,6.5,0
905,codeproject.com,6.5,0
906,1.usa.gov,6.5,0
907,gleam.io,6.5,0
908,space.com,6.5,0
909,gitter.im,6.5,0
910,lh5.ggpht.com,6.5,0
912,kotaku.com,6.5,0
913,img.youtube.com,6.5,0
914,huffingtonpost.co.uk,6.5,0
916,flow.microsoft.com,6.5,0
917,chronicle.com,6.5,0
918,createspace.com,6.5,0
919,lh3.ggpht.com,6.5,0
921,teespring.com,6.49,0
922,data.worldbank.org,6.49,0
923,blog.goo.ne.jp,6.49,0
924,kobo.com,6.49,0
925,globalsign.com,6.49,0
926,money.yandex.ru,6.49,0
927,animoto.com,6.49,0
928,google.co.nz,6.49,0
929,privacy.microsoft.com,6.49,0
930,online.wsj.com,6.49,0
931,patft.uspto.gov,6.49,0
933,cell.com,6.49,0
934,de.linkedin.com,6.49,0
936,geni.us,6.49,0
937,news.harvard.edu,6.49,0
938,lesechos.fr,6.49,0
939,fas.org,6.49,0
940,smashingmagazine.com,6.48,0
941,7-zip.org,6.48,0
942,realvnc.com,6.48,0
943,news.discovery.com,6.48,0
945,autodesk.com,6.48,0
946,popularmechanics.com,6.48,0
947,forms.office.com,6.48,0
948,rdio.com,6.48,0
950,synology.com,6.48,0
951,angelfire.com,6.48,0
953,us.battle.net,6.48,0
954,stjude.org,6.48,0
955,denverpost.com,6.47,0
956,japantimes.co.jp,6.47,0
957,stocktwits.com,6.47,0
958,blogs.adobe.com,6.47,0
959,envato.com,6.47,0
960,airtable.com,6.47,0
962,ocw.mit.edu,6.47,0
963,whc.unesco.org,6.47,0
964,neh.gov,6.47,0
965,purl.org,6.47,0
966,nfl.com,6.47,0
967,monster.com,6.47,0
968,codex.wordpress.org,6.47,0
969,dafont.com,6.47,0
970,tesla.com,6.47,0
971,lmgtfy.com,6.47,0
972,olympic.org,6.47,0
973,technet.microsoft.com,6.47,0
974,baidu.com,6.47,0
975,desktop.github.com,6.47,0
976,overcast.fm,6.47,0
978,cdbaby.com,6.47,0
979,vsco.co,6.46,0
980,nvidia.com,6.46,0
981,stadt-bremerhaven.de,6.46,0
982,faa.gov,6.46,0
983,blogs.yahoo.co.jp,6.46,0
986,funnyordie.com,6.46,0
987,ssl.google-analytics.com,6.46,0
989,spectrum.ieee.org,6.46,0
990,thinkgeek.com,6.46,0
991,snip.ly,6.46,0
993,buzzsprout.com,6.46,0
994,patents.google.com,6.46,0
995,orcid.org,6.46,0
996,cdn.ampproject.org,6.46,0
997,blog.feedspot.com,6.46,0
998,vr.google.com,6.46,0
999,opinionator.blogs.nytimes.com,6.46,0
1000,ericsson.com,6.46,0
